datetime,camera,event,confidence_level
2025-12-31 14:11:44,front,smoke,55.1
2025-12-31 14:11:44,back,neutral,57.3
2025-12-31 14:11:44,right,neutral,54.6
2025-12-31 14:11:44,left,neutral,0.0
2025-12-31 14:11:49,front,smoke,56.9
2025-12-31 14:11:49,back,neutral,57.5
2025-12-31 14:11:49,right,fire,57.4
2025-12-31 14:11:49,left,neutral,0.0
2025-12-31 14:11:54,front,neutral,55.7
2025-12-31 14:11:54,back,neutral,57.6
2025-12-31 14:11:54,right,neutral,57.6
2025-12-31 14:11:54,left,neutral,0.0
2025-12-31 14:11:59,front,neutral,56.5
2025-12-31 14:11:59,back,neutral,57.6
2025-12-31 14:11:59,right,neutral,57.6
2025-12-31 14:11:59,left,neutral,0.0
2025-12-31 14:12:04,front,neutral,53.5
2025-12-31 14:12:04,back,neutral,57.6
2025-12-31 14:12:04,right,neutral,57.6
2025-12-31 14:12:04,left,neutral,0.0
2025-12-31 14:12:09,front,neutral,53.2
2025-12-31 14:12:09,back,neutral,57.6
2025-12-31 14:12:09,right,neutral,57.6
2025-12-31 14:12:09,left,neutral,0.0
2025-12-31 14:15:45,front,neutral,48.8
2025-12-31 14:15:45,back,neutral,57.6
2025-12-31 14:15:45,right,neutral,57.6
2025-12-31 14:15:45,left,neutral,0.0
2025-12-31 14:15:50,front,neutral,43.7
2025-12-31 14:15:50,back,neutral,57.6
2025-12-31 14:15:50,right,neutral,57.6
2025-12-31 14:15:50,left,neutral,0.0
2025-12-31 14:15:55,front,smoke,53.2
2025-12-31 14:15:55,back,neutral,57.6
2025-12-31 14:15:55,left,neutral,56.9
2025-12-31 14:15:55,right,neutral,57.6
2025-12-31 14:16:00,front,neutral,43.2
2025-12-31 14:16:00,back,neutral,57.6
2025-12-31 14:16:00,left,neutral,56.9
2025-12-31 14:16:00,right,neutral,57.6
2025-12-31 14:16:05,front,smoke,57.2
2025-12-31 14:16:05,back,neutral,57.6
2025-12-31 14:16:05,right,neutral,57.6
2025-12-31 14:16:05,left,neutral,0.0
2025-12-31 14:16:10,front,neutral,56.7
2025-12-31 14:16:10,back,neutral,57.6
2025-12-31 14:16:10,right,neutral,57.6
2025-12-31 14:16:10,left,neutral,0.0
2025-12-31 14:16:15,front,smoke,46.6
2025-12-31 14:16:15,back,neutral,57.6
2025-12-31 14:16:15,right,neutral,57.6
2025-12-31 14:16:15,left,neutral,0.0
2025-12-31 14:16:20,front,neutral,48.5
2025-12-31 14:16:20,back,neutral,57.6
2025-12-31 14:16:20,right,neutral,57.6
2025-12-31 14:16:20,left,neutral,0.0
2025-12-31 14:16:25,front,neutral,48.5
2025-12-31 14:16:25,back,fire,57.6
2025-12-31 14:16:25,right,fire,57.4
2025-12-31 14:16:25,left,neutral,0.0
2025-12-31 14:16:30,front,smoke,40.0
2025-12-31 14:16:30,back,fire,57.6
2025-12-31 14:16:30,left,neutral,56.9
2025-12-31 14:16:30,right,fire,57.6
2025-12-31 14:16:35,front,smoke,56.1
2025-12-31 14:16:35,back,fire,57.6
2025-12-31 14:16:35,left,neutral,56.9
2025-12-31 14:16:35,right,fire,57.6
2025-12-31 14:16:40,front,neutral,41.1
2025-12-31 14:16:40,back,fire,57.6
2025-12-31 14:16:40,right,neutral,57.6
2025-12-31 14:16:40,left,neutral,0.0
2025-12-31 14:16:45,front,smoke,41.4
2025-12-31 14:16:45,back,smoke,52.5
2025-12-31 14:16:45,right,neutral,57.6
2025-12-31 14:16:45,left,neutral,0.0
2025-12-31 14:16:50,front,neutral,44.7
2025-12-31 14:16:50,back,smoke,48.6
2025-12-31 14:16:50,left,neutral,56.9
2025-12-31 14:16:50,right,neutral,57.5
2025-12-31 14:16:55,front,neutral,43.3
2025-12-31 14:16:55,back,neutral,57.6
2025-12-31 14:16:55,left,neutral,56.9
2025-12-31 14:16:55,right,neutral,57.6
2025-12-31 14:17:00,front,neutral,52.4
2025-12-31 14:17:00,back,neutral,57.6
2025-12-31 14:17:00,right,neutral,57.6
2025-12-31 14:17:00,left,neutral,0.0
2025-12-31 14:28:06,front,neutral,47.4
2025-12-31 14:28:06,back,neutral,57.6
2025-12-31 14:28:06,right,neutral,57.6
2025-12-31 14:28:06,left,neutral,0.0
2025-12-31 14:28:11,front,smoke,57.1
2025-12-31 14:28:11,back,neutral,57.6
2025-12-31 14:28:11,right,neutral,57.6
2025-12-31 14:28:11,left,neutral,0.0
2025-12-31 14:28:16,front,smoke,55.6
2025-12-31 14:28:16,back,neutral,57.6
2025-12-31 14:28:16,right,neutral,57.6
2025-12-31 14:28:16,left,neutral,0.0
2025-12-31 14:28:21,front,smoke,54.9
2025-12-31 14:28:21,back,neutral,57.6
2025-12-31 14:28:21,right,neutral,57.6
2025-12-31 14:28:21,left,neutral,0.0
2025-12-31 14:28:26,front,smoke,42.3
2025-12-31 14:28:26,back,fire,57.6
2025-12-31 14:28:26,right,fire,57.6
2025-12-31 14:28:26,left,neutral,0.0
2025-12-31 14:28:31,front,smoke,55.8
2025-12-31 14:28:31,back,fire,57.6
2025-12-31 14:28:31,left,neutral,55.5
2025-12-31 14:28:31,right,fire,57.6
2025-12-31 14:28:36,front,smoke,52.2
2025-12-31 14:28:36,back,fire,57.6
2025-12-31 14:28:36,left,neutral,55.5
2025-12-31 14:28:36,right,fire,57.6
2025-12-31 14:28:41,front,smoke,55.9
2025-12-31 14:28:41,back,fire,57.6
2025-12-31 14:28:41,right,fire,57.6
2025-12-31 14:28:41,left,neutral,0.0
2025-12-31 14:28:46,front,smoke,57.5
2025-12-31 14:28:46,back,fire,57.6
2025-12-31 14:28:46,left,neutral,55.5
2025-12-31 14:28:46,right,fire,56.0
2025-12-31 14:28:51,front,smoke,57.4
2025-12-31 14:28:51,back,fire,57.6
2025-12-31 14:28:51,left,neutral,55.5
2025-12-31 14:28:51,right,fire,57.6
2025-12-31 14:28:56,front,smoke,57.4
2025-12-31 14:28:56,back,fire,57.6
2025-12-31 14:28:56,right,fire,57.6
2025-12-31 14:28:56,left,neutral,0.0
2025-12-31 14:29:01,front,smoke,55.6
2025-12-31 14:29:01,back,fire,57.6
2025-12-31 14:29:01,right,fire,57.6
2025-12-31 14:29:01,left,neutral,0.0
2025-12-31 14:29:06,front,smoke,49.7
2025-12-31 14:29:06,back,fire,57.6
2025-12-31 14:29:06,left,neutral,55.5
2025-12-31 14:29:06,right,fire,57.6
2025-12-31 14:29:11,front,smoke,57.2
2025-12-31 14:29:11,back,fire,57.6
2025-12-31 14:29:11,left,neutral,55.5
2025-12-31 14:29:11,right,fire,57.6
2025-12-31 14:29:16,front,smoke,56.9
2025-12-31 14:29:16,back,fire,57.6
2025-12-31 14:29:16,right,fire,48.1
2025-12-31 14:29:16,left,neutral,0.0
2025-12-31 14:29:21,front,smoke,57.4
2025-12-31 14:29:21,back,fire,57.6
2025-12-31 14:29:21,left,neutral,55.5
2025-12-31 14:29:21,right,fire,57.6
2025-12-31 14:29:26,front,smoke,48.3
2025-12-31 14:29:26,back,neutral,56.9
2025-12-31 14:29:26,left,neutral,55.5
2025-12-31 14:29:26,right,neutral,57.6
2025-12-31 14:29:31,front,neutral,41.0
2025-12-31 14:29:31,back,neutral,57.6
2025-12-31 14:29:31,right,neutral,55.9
2025-12-31 14:29:31,left,neutral,0.0
2025-12-31 14:29:36,front,smoke,55.9
2025-12-31 14:29:36,back,neutral,57.6
2025-12-31 14:29:36,right,neutral,57.6
2025-12-31 14:29:36,left,neutral,0.0
2025-12-31 14:29:41,front,smoke,55.9
2025-12-31 14:29:41,back,neutral,57.6
2025-12-31 14:29:41,right,neutral,57.6
2025-12-31 14:29:41,left,neutral,0.0
2025-12-31 14:34:53,front,smoke,57.1
2025-12-31 14:34:53,back,neutral,57.6
2025-12-31 14:34:53,left,neutral,0.0
2025-12-31 14:34:53,right,neutral,0.0
2025-12-31 14:34:58,front,smoke,56.7
2025-12-31 14:34:58,back,neutral,57.6
2025-12-31 14:34:58,left,neutral,57.3
2025-12-31 14:34:58,right,neutral,57.6
2025-12-31 14:35:03,front,smoke,49.3
2025-12-31 14:35:03,back,neutral,57.6
2025-12-31 14:35:03,left,neutral,57.0
2025-12-31 14:35:03,right,neutral,57.5
2025-12-31 14:35:08,front,smoke,54.8
2025-12-31 14:35:08,back,neutral,57.6
2025-12-31 14:35:08,left,neutral,57.2
2025-12-31 14:35:08,right,neutral,57.6
2025-12-31 14:35:13,front,smoke,51.1
2025-12-31 14:35:13,back,neutral,57.6
2025-12-31 14:35:13,left,neutral,57.0
2025-12-31 14:35:13,right,neutral,57.6
2025-12-31 14:35:18,front,smoke,56.3
2025-12-31 14:35:18,back,neutral,57.6
2025-12-31 14:35:18,left,neutral,57.5
2025-12-31 14:35:18,right,neutral,57.6
2025-12-31 14:35:23,front,smoke,55.6
2025-12-31 14:35:23,back,fire,57.6
2025-12-31 14:35:23,left,neutral,57.5
2025-12-31 14:35:23,right,fire,57.6
2025-12-31 14:35:28,front,smoke,55.6
2025-12-31 14:35:28,back,fire,57.6
2025-12-31 14:35:28,right,fire,57.6
2025-12-31 14:35:28,left,neutral,0.0
2025-12-31 14:35:33,front,smoke,57.0
2025-12-31 14:35:33,back,smoke,56.9
2025-12-31 14:35:33,right,fire,57.0
2025-12-31 14:35:33,left,neutral,0.0
2025-12-31 14:35:38,front,smoke,50.0
2025-12-31 14:35:38,back,neutral,57.6
2025-12-31 14:35:38,left,neutral,57.5
2025-12-31 14:35:38,right,neutral,57.6
2025-12-31 14:35:43,front,smoke,56.4
2025-12-31 14:35:43,back,neutral,57.6
2025-12-31 14:35:43,left,neutral,57.5
2025-12-31 14:35:43,right,neutral,57.6
2025-12-31 14:35:48,front,smoke,55.7
2025-12-31 14:35:48,back,neutral,57.6
2025-12-31 14:35:48,right,neutral,57.6
2025-12-31 14:35:48,left,neutral,0.0
2025-12-31 15:24:13,front,smoke,57.3
2025-12-31 15:24:13,back,neutral,57.5
2025-12-31 15:24:13,left,neutral,57.5
2025-12-31 15:24:13,right,neutral,57.6
2025-12-31 15:24:18,front,smoke,57.5
2025-12-31 15:24:18,back,neutral,57.6
2025-12-31 15:24:18,left,neutral,57.5
2025-12-31 15:24:18,right,neutral,57.6
2025-12-31 15:24:23,front,smoke,57.5
2025-12-31 15:24:23,back,neutral,57.1
2025-12-31 15:24:23,left,neutral,57.3
2025-12-31 15:24:23,right,neutral,57.5
2025-12-31 15:24:28,front,smoke,57.5
2025-12-31 15:24:28,back,neutral,57.1
2025-12-31 15:24:28,left,neutral,57.3
2025-12-31 15:24:28,right,neutral,57.5
2025-12-31 16:02:33,front,smoke,57.5
2025-12-31 16:02:33,back,smoke,50.3
2025-12-31 16:02:33,right,neutral,57.6
2025-12-31 16:02:33,left,neutral,0.0
2025-12-31 16:02:38,front,smoke,57.6
2025-12-31 16:02:38,back,smoke,48.5
2025-12-31 16:02:38,right,neutral,57.5
2025-12-31 16:02:38,left,neutral,0.0
2025-12-31 16:02:43,front,smoke,57.6
2025-12-31 16:02:43,back,smoke,48.5
2025-12-31 16:02:43,right,neutral,57.5
2025-12-31 16:02:43,left,neutral,0.0
2025-12-31 16:03:53,front,smoke,57.6
2025-12-31 16:03:53,back,smoke,56.9
2025-12-31 16:03:53,right,neutral,57.6
2025-12-31 16:03:53,left,neutral,0.0
2025-12-31 16:03:58,front,smoke,57.6
2025-12-31 16:03:58,back,smoke,53.0
2025-12-31 16:03:58,right,neutral,57.5
2025-12-31 16:03:58,left,neutral,0.0
2025-12-31 16:04:03,front,smoke,57.5
2025-12-31 16:04:03,back,smoke,47.6
2025-12-31 16:04:03,right,smoke,40.5
2025-12-31 16:04:03,left,neutral,0.0
2025-12-31 16:04:08,front,smoke,57.6
2025-12-31 16:04:08,back,smoke,50.4
2025-12-31 16:04:08,right,neutral,43.4
2025-12-31 16:04:08,left,neutral,0.0
2025-12-31 16:04:13,front,smoke,57.5
2025-12-31 16:04:13,back,neutral,55.2
2025-12-31 16:04:13,right,neutral,43.4
2025-12-31 16:04:13,left,neutral,0.0
2025-12-31 16:04:18,front,smoke,57.5
2025-12-31 16:04:18,back,neutral,55.2
2025-12-31 16:04:18,left,neutral,0.0
2025-12-31 16:04:18,right,neutral,0.0
2025-12-31 16:38:23,front,smoke,57.4
2025-12-31 16:38:23,back,smoke,57.5
2025-12-31 16:38:23,right,neutral,57.6
2025-12-31 16:38:23,left,neutral,0.0
2025-12-31 16:38:28,front,smoke,57.5
2025-12-31 16:38:28,back,smoke,45.8
2025-12-31 16:38:28,right,neutral,57.6
2025-12-31 16:38:28,left,neutral,0.0
2025-12-31 16:38:33,front,smoke,57.1
2025-12-31 16:38:33,back,smoke,47.1
2025-12-31 16:38:33,right,neutral,57.4
2025-12-31 16:38:33,left,neutral,0.0
2025-12-31 16:38:38,front,smoke,57.2
2025-12-31 16:38:38,back,neutral,57.3
2025-12-31 16:38:38,right,neutral,57.6
2025-12-31 16:38:38,left,neutral,0.0
2025-12-31 16:38:43,front,smoke,57.4
2025-12-31 16:38:43,back,neutral,45.4
2025-12-31 16:38:43,right,neutral,57.5
2025-12-31 16:38:43,left,neutral,0.0
2025-12-31 16:38:48,front,smoke,57.4
2025-12-31 16:38:48,back,neutral,45.4
2025-12-31 16:38:48,right,neutral,57.5
2025-12-31 16:38:48,left,neutral,0.0
2025-12-31 16:38:53,right,neutral,57.5
2025-12-31 16:38:53,front,neutral,0.0
2025-12-31 16:38:53,back,neutral,0.0
2025-12-31 16:38:53,left,neutral,0.0
2025-12-31 17:11:14,front,neutral,57.3
2025-12-31 17:11:14,back,neutral,0.0
2025-12-31 17:11:14,left,neutral,0.0
2025-12-31 17:11:14,right,neutral,0.0
2025-12-31 17:11:19,front,neutral,57.3
2025-12-31 17:11:19,back,neutral,0.0
2025-12-31 17:11:19,left,neutral,0.0
2025-12-31 17:11:19,right,neutral,0.0
2025-12-31 19:49:36,front,smoke,39.8
2025-12-31 19:49:36,back,smoke,57.4
2025-12-31 19:49:36,left,neutral,38.9
2025-12-31 19:49:36,right,smoke,57.6
2025-12-31 19:49:41,front,smoke,54.5
2025-12-31 19:49:41,back,smoke,57.4
2025-12-31 19:49:41,left,neutral,55.6
2025-12-31 19:49:41,right,smoke,57.6
2025-12-31 19:49:46,front,smoke,44.1
2025-12-31 19:49:46,back,smoke,57.6
2025-12-31 19:49:46,left,smoke,52.9
2025-12-31 19:49:46,right,smoke,57.4
2025-12-31 19:49:51,front,neutral,48.2
2025-12-31 19:49:51,back,smoke,57.6
2025-12-31 19:49:51,left,neutral,56.3
2025-12-31 19:49:51,right,smoke,57.6
2025-12-31 19:49:56,front,neutral,40.8
2025-12-31 19:49:56,back,smoke,41.5
2025-12-31 19:49:56,left,neutral,55.9
2025-12-31 19:49:56,right,smoke,57.6
2025-12-31 19:50:02,front,neutral,54.8
2025-12-31 19:50:02,back,smoke,49.0
2025-12-31 19:50:02,left,smoke,52.5
2025-12-31 19:50:02,right,smoke,55.2
2025-12-31 19:50:07,front,neutral,53.0
2025-12-31 19:50:07,back,smoke,57.4
2025-12-31 19:50:07,left,smoke,52.4
2025-12-31 19:50:07,right,smoke,57.5
2025-12-31 19:50:12,front,neutral,57.0
2025-12-31 19:50:12,back,smoke,57.6
2025-12-31 19:50:12,left,fire,57.6
2025-12-31 19:50:12,right,smoke,57.4
2025-12-31 19:50:17,front,neutral,41.7
2025-12-31 19:50:17,back,smoke,57.6
2025-12-31 19:50:17,left,fire,57.6
2025-12-31 19:50:17,right,smoke,57.2
2025-12-31 19:50:22,front,neutral,51.7
2025-12-31 19:50:22,back,smoke,57.6
2025-12-31 19:50:22,left,fire,57.6
2025-12-31 19:50:22,right,smoke,57.6
2025-12-31 19:50:27,front,neutral,41.6
2025-12-31 19:50:27,back,smoke,57.6
2025-12-31 19:50:27,left,fire,57.6
2025-12-31 19:50:27,right,smoke,57.6
2025-12-31 19:50:32,front,neutral,49.5
2025-12-31 19:50:32,back,smoke,57.6
2025-12-31 19:50:32,left,neutral,57.1
2025-12-31 19:50:32,right,smoke,57.6
2025-12-31 19:50:37,front,neutral,46.9
2025-12-31 19:50:37,back,smoke,57.6
2025-12-31 19:50:37,left,fire,57.6
2025-12-31 19:50:37,right,smoke,57.5
2025-12-31 19:50:42,front,neutral,46.9
2025-12-31 19:50:42,back,smoke,57.6
2025-12-31 19:50:42,left,fire,57.6
2025-12-31 19:50:42,right,smoke,57.6
2025-12-31 19:50:47,right,smoke,57.6
2025-12-31 19:50:47,front,neutral,0.0
2025-12-31 19:50:47,back,neutral,0.0
2025-12-31 19:50:47,left,neutral,0.0
2025-12-31 19:51:57,back,smoke,57.6
2025-12-31 19:51:57,front,neutral,0.0
2025-12-31 19:51:57,left,neutral,0.0
2025-12-31 19:51:57,right,neutral,0.0
2025-12-31 19:52:02,back,smoke,57.6
2025-12-31 19:52:02,front,neutral,0.0
2025-12-31 19:52:02,left,neutral,0.0
2025-12-31 19:52:02,right,neutral,0.0
2026-01-02 08:35:43,front,smoke,57.0
2026-01-02 08:35:43,back,neutral,0.0
2026-01-02 08:35:43,left,neutral,0.0
2026-01-02 08:35:43,right,neutral,0.0
2026-01-02 08:35:48,front,smoke,57.0
2026-01-02 08:35:48,back,neutral,57.6
2026-01-02 08:35:48,left,neutral,0.0
2026-01-02 08:35:48,right,neutral,0.0
2026-01-02 08:35:53,back,neutral,57.6
2026-01-02 08:35:53,left,neutral,45.6
2026-01-02 08:35:53,front,neutral,0.0
2026-01-02 08:35:53,right,neutral,0.0
2026-01-02 08:35:58,left,neutral,45.6
2026-01-02 08:35:58,front,neutral,0.0
2026-01-02 08:35:58,back,neutral,0.0
2026-01-02 08:35:58,right,neutral,0.0
2026-01-02 08:40:13,front,neutral,57.5
2026-01-02 08:40:13,back,neutral,0.0
2026-01-02 08:40:13,left,neutral,0.0
2026-01-02 08:40:13,right,neutral,0.0
2026-01-02 08:40:18,front,neutral,57.6
2026-01-02 08:40:18,back,neutral,0.0
2026-01-02 08:40:18,left,neutral,0.0
2026-01-02 08:40:18,right,neutral,0.0
2026-01-02 08:40:23,front,neutral,57.5
2026-01-02 08:40:23,back,neutral,57.6
2026-01-02 08:40:23,left,neutral,0.0
2026-01-02 08:40:23,right,neutral,0.0
2026-01-02 08:40:28,front,neutral,57.6
2026-01-02 08:40:28,back,neutral,57.6
2026-01-02 08:40:28,left,smoke,57.5
2026-01-02 08:40:28,right,neutral,0.0
2026-01-02 08:40:33,front,neutral,57.5
2026-01-02 08:40:33,left,smoke,57.5
2026-01-02 08:40:33,back,neutral,0.0
2026-01-02 08:40:33,right,neutral,0.0
2026-01-02 08:40:38,front,neutral,57.5
2026-01-02 08:40:38,back,neutral,57.6
2026-01-02 08:40:38,left,neutral,0.0
2026-01-02 08:40:38,right,neutral,0.0
2026-01-02 08:40:43,front,neutral,56.6
2026-01-02 08:40:43,back,neutral,57.6
2026-01-02 08:40:43,left,neutral,0.0
2026-01-02 08:40:43,right,neutral,0.0
2026-01-02 08:40:48,front,neutral,57.6
2026-01-02 08:40:48,left,smoke,57.5
2026-01-02 08:40:48,back,neutral,0.0
2026-01-02 08:40:48,right,neutral,0.0
2026-01-02 08:40:53,front,neutral,57.6
2026-01-02 08:40:53,left,smoke,57.5
2026-01-02 08:40:53,back,neutral,0.0
2026-01-02 08:40:53,right,neutral,0.0
2026-01-02 08:40:58,front,neutral,57.6
2026-01-02 08:40:58,back,neutral,57.6
2026-01-02 08:40:58,left,neutral,0.0
2026-01-02 08:40:58,right,neutral,0.0
2026-01-02 08:41:03,front,neutral,57.6
2026-01-02 08:41:03,back,neutral,57.6
2026-01-02 08:41:03,left,smoke,57.5
2026-01-02 08:41:03,right,neutral,0.0
2026-01-02 08:41:08,front,neutral,57.6
2026-01-02 08:41:08,left,smoke,57.5
2026-01-02 08:41:08,back,neutral,0.0
2026-01-02 08:41:08,right,neutral,0.0
2026-01-02 08:41:13,front,neutral,57.4
2026-01-02 08:41:13,back,neutral,57.6
2026-01-02 08:41:13,left,neutral,0.0
2026-01-02 08:41:13,right,neutral,0.0
2026-01-02 08:41:18,front,neutral,57.6
2026-01-02 08:41:18,back,neutral,57.6
2026-01-02 08:41:18,left,neutral,0.0
2026-01-02 08:41:18,right,neutral,0.0
2026-01-02 14:07:04,front,neutral,57.3
2026-01-02 14:07:04,back,neutral,57.6
2026-01-02 14:07:04,left,neutral,47.5
2026-01-02 14:07:04,right,neutral,56.7
2026-01-02 14:07:09,front,neutral,57.6
2026-01-02 14:07:09,back,neutral,57.6
2026-01-02 14:07:09,left,neutral,45.0
2026-01-02 14:07:09,right,neutral,56.7
2026-01-02 14:07:14,front,neutral,57.6
2026-01-02 14:07:14,back,neutral,57.6
2026-01-02 14:07:14,left,smoke,51.4
2026-01-02 14:07:14,right,neutral,0.0
2026-01-02 14:07:19,front,neutral,57.6
2026-01-02 14:07:19,back,neutral,57.6
2026-01-02 14:07:19,left,smoke,52.2
2026-01-02 14:07:19,right,neutral,0.0
2026-01-02 14:07:24,front,neutral,57.6
2026-01-02 14:07:24,back,neutral,57.5
2026-01-02 14:07:24,left,smoke,57.4
2026-01-02 14:07:24,right,neutral,56.9
2026-01-02 14:07:29,front,neutral,57.5
2026-01-02 14:07:29,back,neutral,57.6
2026-01-02 14:07:29,left,smoke,44.6
2026-01-02 14:07:29,right,neutral,56.9
2026-01-02 14:07:34,front,neutral,57.1
2026-01-02 14:07:34,back,neutral,57.6
2026-01-02 14:07:34,left,smoke,57.5
2026-01-02 14:07:34,right,neutral,0.0
2026-01-02 14:07:39,front,neutral,57.6
2026-01-02 14:07:39,back,neutral,57.6
2026-01-02 14:07:39,left,smoke,56.9
2026-01-02 14:07:39,right,neutral,0.0
2026-01-02 14:07:44,front,neutral,57.6
2026-01-02 14:07:44,back,neutral,57.6
2026-01-02 14:07:44,left,smoke,57.1
2026-01-02 14:07:44,right,neutral,56.9
2026-01-02 14:07:49,front,neutral,57.6
2026-01-02 14:07:49,back,neutral,57.6
2026-01-02 14:07:49,left,neutral,57.3
2026-01-02 14:07:49,right,neutral,56.9
2026-01-02 14:07:54,front,neutral,57.6
2026-01-02 14:07:54,back,neutral,57.6
2026-01-02 14:07:54,left,smoke,57.4
2026-01-02 14:07:54,right,neutral,0.0
2026-01-02 14:07:59,front,neutral,57.3
2026-01-02 14:07:59,back,neutral,57.5
2026-01-02 14:07:59,left,smoke,57.2
2026-01-02 14:07:59,right,neutral,56.9
2026-01-02 14:08:04,front,neutral,57.6
2026-01-02 14:08:04,back,smoke,57.6
2026-01-02 14:08:04,left,smoke,52.1
2026-01-02 14:08:04,right,neutral,56.9
2026-01-02 14:08:09,front,neutral,57.6
2026-01-02 14:08:09,back,neutral,57.6
2026-01-02 14:08:09,left,smoke,48.9
2026-01-02 14:08:09,right,neutral,0.0
2026-01-02 14:08:14,front,fire,57.6
2026-01-02 14:08:14,back,neutral,57.6
2026-01-02 14:08:14,left,neutral,43.9
2026-01-02 14:08:14,right,neutral,0.0
2026-01-02 14:08:19,front,neutral,57.6
2026-01-02 14:08:19,back,neutral,57.6
2026-01-02 14:08:19,left,neutral,56.3
2026-01-02 14:08:19,right,neutral,56.9
2026-01-02 14:08:24,front,neutral,57.6
2026-01-02 14:08:24,left,neutral,56.3
2026-01-02 14:08:24,right,neutral,56.9
2026-01-02 14:08:24,back,neutral,0.0
2026-01-02 14:08:29,front,neutral,57.6
2026-01-02 14:08:29,back,neutral,57.1
2026-01-02 14:08:29,left,neutral,0.0
2026-01-02 14:08:29,right,neutral,0.0
2026-01-02 14:08:34,front,neutral,57.3
2026-01-02 14:08:34,back,neutral,57.1
2026-01-02 14:08:34,left,neutral,0.0
2026-01-02 14:08:34,right,neutral,0.0
2026-01-02 14:08:39,front,fire,57.6
2026-01-02 14:08:39,left,neutral,56.3
2026-01-02 14:08:39,back,neutral,0.0
2026-01-02 14:08:39,right,neutral,0.0
2026-01-02 14:08:44,front,fire,52.6
2026-01-02 14:08:44,back,neutral,57.1
2026-01-02 14:08:44,left,neutral,56.3
2026-01-02 14:08:44,right,neutral,0.0
2026-01-02 14:08:49,front,fire,52.6
2026-01-02 14:08:49,back,neutral,57.1
2026-01-02 14:08:49,left,neutral,0.0
2026-01-02 14:08:49,right,neutral,0.0
2026-01-02 14:08:54,front,neutral,57.6
2026-01-02 14:08:54,left,neutral,56.3
2026-01-02 14:08:54,back,neutral,0.0
2026-01-02 14:08:54,right,neutral,0.0
2026-01-02 14:08:59,front,neutral,57.6
2026-01-02 14:08:59,left,neutral,56.3
2026-01-02 14:08:59,back,neutral,0.0
2026-01-02 14:08:59,right,neutral,0.0
2026-01-02 14:09:04,front,neutral,57.6
2026-01-02 14:09:04,back,neutral,57.1
2026-01-02 14:09:04,left,neutral,0.0
2026-01-02 14:09:04,right,neutral,0.0
2026-01-02 14:09:09,front,neutral,57.6
2026-01-02 14:09:09,back,neutral,57.1
2026-01-02 14:09:09,left,neutral,0.0
2026-01-02 14:09:09,right,neutral,0.0
2026-01-02 14:09:14,front,neutral,57.6
2026-01-02 14:09:14,left,neutral,56.3
2026-01-02 14:09:14,back,neutral,0.0
2026-01-02 14:09:14,right,neutral,0.0
2026-01-02 14:09:19,front,neutral,57.6
2026-01-02 14:09:19,back,neutral,57.1
2026-01-02 14:09:19,left,neutral,56.3
2026-01-02 14:09:19,right,neutral,0.0
2026-01-02 14:09:24,front,neutral,57.6
2026-01-02 14:09:24,back,neutral,57.1
2026-01-02 14:09:24,left,neutral,0.0
2026-01-02 14:09:24,right,neutral,0.0
2026-01-02 14:09:29,front,neutral,57.5
2026-01-02 14:09:29,back,neutral,0.0
2026-01-02 14:09:29,left,neutral,0.0
2026-01-02 14:09:29,right,neutral,0.0
2026-01-02 14:09:34,front,neutral,57.6
2026-01-02 14:09:34,back,neutral,0.0
2026-01-02 14:09:34,left,neutral,0.0
2026-01-02 14:09:34,right,neutral,0.0
2026-01-02 14:09:39,front,neutral,57.6
2026-01-02 14:09:39,back,neutral,0.0
2026-01-02 14:09:39,left,neutral,0.0
2026-01-02 14:09:39,right,neutral,0.0
2026-01-02 14:09:44,front,neutral,57.6
2026-01-02 14:09:44,back,neutral,0.0
2026-01-02 14:09:44,left,neutral,0.0
2026-01-02 14:09:44,right,neutral,0.0
2026-01-02 14:09:49,front,neutral,57.6
2026-01-02 14:09:49,back,neutral,0.0
2026-01-02 14:09:49,left,neutral,0.0
2026-01-02 14:09:49,right,neutral,0.0
2026-01-02 14:09:54,front,neutral,57.6
2026-01-02 14:09:54,back,neutral,0.0
2026-01-02 14:09:54,left,neutral,0.0
2026-01-02 14:09:54,right,neutral,0.0
2026-01-02 14:09:59,front,neutral,57.6
2026-01-02 14:09:59,back,neutral,0.0
2026-01-02 14:09:59,left,neutral,0.0
2026-01-02 14:09:59,right,neutral,0.0
2026-01-02 14:10:04,front,neutral,57.6
2026-01-02 14:10:04,back,neutral,0.0
2026-01-02 14:10:04,left,neutral,0.0
2026-01-02 14:10:04,right,neutral,0.0
2026-01-02 14:10:10,front,neutral,57.6
2026-01-02 14:10:10,back,neutral,0.0
2026-01-02 14:10:10,left,neutral,0.0
2026-01-02 14:10:10,right,neutral,0.0
2026-01-02 14:10:15,front,neutral,57.6
2026-01-02 14:10:15,back,neutral,0.0
2026-01-02 14:10:15,left,neutral,0.0
2026-01-02 14:10:15,right,neutral,0.0
2026-01-02 14:10:20,front,neutral,57.6
2026-01-02 14:10:20,back,neutral,0.0
2026-01-02 14:10:20,left,neutral,0.0
2026-01-02 14:10:20,right,neutral,0.0
2026-01-02 14:10:25,front,neutral,57.6
2026-01-02 14:10:25,back,neutral,0.0
2026-01-02 14:10:25,left,neutral,0.0
2026-01-02 14:10:25,right,neutral,0.0
2026-01-02 14:10:30,front,neutral,57.6
2026-01-02 14:10:30,back,neutral,0.0
2026-01-02 14:10:30,left,neutral,0.0
2026-01-02 14:10:30,right,neutral,0.0
2026-01-02 14:10:35,front,neutral,57.6
2026-01-02 14:10:35,back,neutral,0.0
2026-01-02 14:10:35,left,neutral,0.0
2026-01-02 14:10:35,right,neutral,0.0
2026-01-02 14:10:40,front,neutral,57.6
2026-01-02 14:10:40,back,neutral,0.0
2026-01-02 14:10:40,left,neutral,0.0
2026-01-02 14:10:40,right,neutral,0.0
2026-01-02 14:10:45,front,neutral,57.6
2026-01-02 14:10:45,back,neutral,0.0
2026-01-02 14:10:45,left,neutral,0.0
2026-01-02 14:10:45,right,neutral,0.0
2026-01-02 14:10:50,front,neutral,57.6
2026-01-02 14:10:50,back,neutral,0.0
2026-01-02 14:10:50,left,neutral,0.0
2026-01-02 14:10:50,right,neutral,0.0
2026-01-02 14:10:55,front,neutral,57.6
2026-01-02 14:10:55,back,neutral,57.6
2026-01-02 14:10:55,left,neutral,0.0
2026-01-02 14:10:55,right,neutral,0.0
2026-01-02 14:11:00,front,neutral,57.6
2026-01-02 14:11:00,back,neutral,57.6
2026-01-02 14:11:00,left,neutral,0.0
2026-01-02 14:11:00,right,neutral,0.0
2026-01-02 14:11:05,front,neutral,57.6
2026-01-02 14:11:05,back,neutral,57.6
2026-01-02 14:11:05,left,neutral,0.0
2026-01-02 14:11:05,right,neutral,0.0
2026-01-02 14:11:10,front,neutral,57.6
2026-01-02 14:11:10,back,neutral,57.6
2026-01-02 14:11:10,left,smoke,55.8
2026-01-02 14:11:10,right,smoke,57.3
2026-01-02 14:11:15,front,neutral,57.6
2026-01-02 14:11:15,back,neutral,57.6
2026-01-02 14:11:15,left,smoke,55.8
2026-01-02 14:11:15,right,smoke,57.3
2026-01-02 14:11:20,front,neutral,57.6
2026-01-02 14:11:20,back,neutral,57.6
2026-01-02 14:11:20,left,neutral,0.0
2026-01-02 14:11:20,right,neutral,0.0
2026-01-02 14:11:25,front,neutral,57.6
2026-01-02 14:11:25,right,smoke,57.3
2026-01-02 14:11:25,back,neutral,0.0
2026-01-02 14:11:25,left,neutral,0.0
2026-01-02 14:11:30,front,neutral,57.6
2026-01-02 14:11:30,left,smoke,55.8
2026-01-02 14:11:30,right,smoke,57.3
2026-01-02 14:11:30,back,neutral,0.0
2026-01-02 14:11:35,front,neutral,57.6
2026-01-02 14:11:35,back,neutral,57.6
2026-01-02 14:11:35,left,smoke,55.8
2026-01-02 14:11:35,right,neutral,0.0
2026-01-02 14:11:40,back,neutral,57.6
2026-01-02 14:11:40,front,neutral,0.0
2026-01-02 14:11:40,left,neutral,0.0
2026-01-02 14:11:40,right,neutral,0.0
2026-01-02 14:20:32,front,neutral,57.6
2026-01-02 14:20:32,back,neutral,57.5
2026-01-02 14:20:32,left,neutral,56.1
2026-01-02 14:20:32,right,neutral,0.0
2026-01-02 14:20:37,front,neutral,57.6
2026-01-02 14:20:37,back,neutral,57.6
2026-01-02 14:20:37,left,neutral,56.1
2026-01-02 14:20:37,right,neutral,0.0
2026-01-02 14:20:42,front,neutral,57.6
2026-01-02 14:20:42,back,neutral,57.6
2026-01-02 14:20:42,left,neutral,57.5
2026-01-02 14:20:42,right,neutral,0.0
2026-01-02 14:20:47,front,neutral,57.6
2026-01-02 14:20:47,left,neutral,57.5
2026-01-02 14:20:47,back,neutral,0.0
2026-01-02 14:20:47,right,neutral,0.0
2026-01-02 14:20:52,front,neutral,57.6
2026-01-02 14:20:52,back,neutral,57.6
2026-01-02 14:20:52,left,neutral,0.0
2026-01-02 14:20:52,right,neutral,0.0
2026-01-02 14:20:57,front,neutral,57.6
2026-01-02 14:20:57,back,neutral,57.6
2026-01-02 14:20:57,left,neutral,0.0
2026-01-02 14:20:57,right,neutral,0.0
2026-01-02 14:21:02,front,neutral,57.6
2026-01-02 14:21:02,left,neutral,57.5
2026-01-02 14:21:02,back,neutral,0.0
2026-01-02 14:21:02,right,neutral,0.0
2026-01-02 14:21:07,front,neutral,57.6
2026-01-02 14:21:07,left,neutral,57.5
2026-01-02 14:21:07,back,neutral,0.0
2026-01-02 14:21:07,right,neutral,0.0
2026-01-02 14:21:12,front,neutral,57.6
2026-01-02 14:21:12,back,neutral,57.6
2026-01-02 14:21:12,left,neutral,0.0
2026-01-02 14:21:12,right,neutral,0.0
2026-01-02 14:21:17,front,neutral,56.9
2026-01-02 14:21:17,back,neutral,57.6
2026-01-02 14:21:17,left,neutral,57.5
2026-01-02 14:21:17,right,neutral,0.0
2026-01-02 14:21:22,front,fire,57.0
2026-01-02 14:21:22,left,neutral,57.5
2026-01-02 14:21:22,back,neutral,0.0
2026-01-02 14:21:22,right,neutral,0.0
2026-01-02 14:21:27,front,fire,49.8
2026-01-02 14:21:27,back,neutral,0.0
2026-01-02 14:21:27,left,neutral,0.0
2026-01-02 14:21:27,right,neutral,0.0
2026-01-02 14:21:32,front,smoke,55.1
2026-01-02 14:21:32,back,neutral,0.0
2026-01-02 14:21:32,left,neutral,0.0
2026-01-02 14:21:32,right,neutral,0.0
2026-01-02 14:21:37,front,fire,57.6
2026-01-02 14:21:37,left,neutral,57.5
2026-01-02 14:21:37,back,neutral,0.0
2026-01-02 14:21:37,right,neutral,0.0
2026-01-02 14:21:42,front,neutral,57.6
2026-01-02 14:21:42,left,neutral,57.5
2026-01-02 14:21:42,back,neutral,0.0
2026-01-02 14:21:42,right,neutral,0.0
2026-01-02 14:21:47,front,neutral,57.6
2026-01-02 14:21:47,back,neutral,57.6
2026-01-02 14:21:47,left,neutral,0.0
2026-01-02 14:21:47,right,neutral,0.0
2026-01-02 14:21:52,front,neutral,57.6
2026-01-02 14:21:52,back,neutral,57.6
2026-01-02 14:21:52,left,neutral,0.0
2026-01-02 14:21:52,right,neutral,0.0
2026-01-02 14:21:57,front,neutral,57.6
2026-01-02 14:21:57,back,neutral,0.0
2026-01-02 14:21:57,left,neutral,0.0
2026-01-02 14:21:57,right,neutral,0.0
2026-01-02 14:22:02,front,neutral,57.6
2026-01-02 14:22:02,back,neutral,0.0
2026-01-02 14:22:02,left,neutral,0.0
2026-01-02 14:22:02,right,neutral,0.0
2026-01-02 14:22:07,front,neutral,57.6
2026-01-02 14:22:07,back,neutral,0.0
2026-01-02 14:22:07,left,neutral,0.0
2026-01-02 14:22:07,right,neutral,0.0
2026-01-02 14:22:12,front,neutral,57.6
2026-01-02 14:22:12,back,neutral,0.0
2026-01-02 14:22:12,left,neutral,0.0
2026-01-02 14:22:12,right,neutral,0.0
2026-01-02 14:22:17,front,neutral,57.6
2026-01-02 14:22:17,back,neutral,0.0
2026-01-02 14:22:17,left,neutral,0.0
2026-01-02 14:22:17,right,neutral,0.0
2026-01-02 14:22:22,front,neutral,57.6
2026-01-02 14:22:22,back,neutral,0.0
2026-01-02 14:22:22,left,neutral,0.0
2026-01-02 14:22:22,right,neutral,0.0
2026-01-02 14:22:27,front,neutral,57.6
2026-01-02 14:22:27,back,neutral,0.0
2026-01-02 14:22:27,left,neutral,0.0
2026-01-02 14:22:27,right,neutral,0.0
2026-01-02 14:22:32,front,neutral,57.6
2026-01-02 14:22:32,back,neutral,0.0
2026-01-02 14:22:32,left,neutral,0.0
2026-01-02 14:22:32,right,neutral,0.0
2026-01-02 14:22:37,front,neutral,57.6
2026-01-02 14:22:37,back,neutral,0.0
2026-01-02 14:22:37,left,neutral,0.0
2026-01-02 14:22:37,right,neutral,0.0
2026-01-02 14:22:42,front,neutral,57.6
2026-01-02 14:22:42,back,neutral,0.0
2026-01-02 14:22:42,left,neutral,0.0
2026-01-02 14:22:42,right,neutral,0.0
2026-01-02 14:22:47,front,neutral,57.6
2026-01-02 14:22:47,back,neutral,0.0
2026-01-02 14:22:47,left,neutral,0.0
2026-01-02 14:22:47,right,neutral,0.0
2026-01-02 14:22:52,front,neutral,57.6
2026-01-02 14:22:52,back,neutral,0.0
2026-01-02 14:22:52,left,neutral,0.0
2026-01-02 14:22:52,right,neutral,0.0
2026-01-02 14:22:57,front,neutral,57.6
2026-01-02 14:22:57,back,neutral,0.0
2026-01-02 14:22:57,left,neutral,0.0
2026-01-02 14:22:57,right,neutral,0.0
2026-01-02 14:23:02,front,neutral,57.6
2026-01-02 14:23:02,back,neutral,0.0
2026-01-02 14:23:02,left,neutral,0.0
2026-01-02 14:23:02,right,neutral,0.0
2026-01-02 14:23:07,front,neutral,57.6
2026-01-02 14:23:07,back,neutral,0.0
2026-01-02 14:23:07,left,neutral,0.0
2026-01-02 14:23:07,right,neutral,0.0
2026-01-02 14:23:12,front,neutral,57.6
2026-01-02 14:23:12,back,neutral,0.0
2026-01-02 14:23:12,left,neutral,0.0
2026-01-02 14:23:12,right,neutral,0.0
2026-01-02 14:23:17,front,neutral,57.6
2026-01-02 14:23:17,back,neutral,0.0
2026-01-02 14:23:17,left,neutral,0.0
2026-01-02 14:23:17,right,neutral,0.0
2026-01-02 14:23:22,front,neutral,57.6
2026-01-02 14:23:22,back,neutral,0.0
2026-01-02 14:23:22,left,neutral,0.0
2026-01-02 14:23:22,right,neutral,0.0
2026-01-02 14:23:27,front,neutral,57.6
2026-01-02 14:23:27,back,neutral,0.0
2026-01-02 14:23:27,left,neutral,0.0
2026-01-02 14:23:27,right,neutral,0.0
2026-01-02 14:23:33,front,neutral,57.6
2026-01-02 14:23:33,back,neutral,0.0
2026-01-02 14:23:33,left,neutral,0.0
2026-01-02 14:23:33,right,neutral,0.0
2026-01-02 14:23:38,front,neutral,57.6
2026-01-02 14:23:38,back,neutral,0.0
2026-01-02 14:23:38,left,neutral,0.0
2026-01-02 14:23:38,right,neutral,0.0
2026-01-02 14:23:43,front,neutral,57.6
2026-01-02 14:23:43,back,neutral,0.0
2026-01-02 14:23:43,left,neutral,0.0
2026-01-02 14:23:43,right,neutral,0.0
2026-01-02 14:45:33,front,neutral,57.6
2026-01-02 14:45:33,left,neutral,57.6
2026-01-02 14:45:33,back,neutral,0.0
2026-01-02 14:45:33,right,neutral,0.0
2026-01-02 14:45:38,front,neutral,57.6
2026-01-02 14:45:38,back,smoke,54.9
2026-01-02 14:45:38,left,neutral,57.6
2026-01-02 14:45:38,right,neutral,0.0
2026-01-02 14:45:43,front,neutral,57.6
2026-01-02 14:45:43,back,smoke,54.9
2026-01-02 14:45:43,left,neutral,55.4
2026-01-02 14:45:43,right,neutral,57.6
2026-01-02 14:45:48,front,neutral,57.6
2026-01-02 14:45:48,left,neutral,57.6
2026-01-02 14:45:48,right,neutral,57.6
2026-01-02 14:45:48,back,neutral,0.0
2026-01-02 14:45:53,front,neutral,57.6
2026-01-02 14:45:53,left,neutral,57.6
2026-01-02 14:45:53,back,neutral,0.0
2026-01-02 14:45:53,right,neutral,0.0
2026-01-02 14:45:58,front,neutral,57.6
2026-01-02 14:45:58,back,smoke,54.9
2026-01-02 14:45:58,left,neutral,49.4
2026-01-02 14:45:58,right,neutral,0.0
2026-01-02 14:46:03,front,neutral,57.6
2026-01-02 14:46:03,back,smoke,54.9
2026-01-02 14:46:03,left,neutral,57.6
2026-01-02 14:46:03,right,neutral,57.6
2026-01-02 14:46:08,front,neutral,57.6
2026-01-02 14:46:08,left,smoke,57.6
2026-01-02 14:46:08,right,neutral,57.6
2026-01-02 14:46:08,back,neutral,0.0
2026-01-02 14:46:13,front,neutral,57.6
2026-01-02 14:46:13,back,smoke,54.9
2026-01-02 14:46:13,left,smoke,54.2
2026-01-02 14:46:13,right,neutral,0.0
2026-01-02 14:46:18,front,neutral,57.6
2026-01-02 14:46:18,back,smoke,54.9
2026-01-02 14:46:18,left,neutral,46.5
2026-01-02 14:46:18,right,neutral,57.6
2026-01-02 14:46:23,front,neutral,57.6
2026-01-02 14:46:23,left,neutral,57.6
2026-01-02 14:46:23,right,neutral,57.6
2026-01-02 14:46:23,back,neutral,0.0
2026-01-02 14:46:28,front,neutral,57.6
2026-01-02 14:46:28,left,smoke,50.9
2026-01-02 14:46:28,back,neutral,0.0
2026-01-02 14:46:28,right,neutral,0.0
2026-01-02 14:46:33,front,neutral,57.6
2026-01-02 14:46:33,back,smoke,54.9
2026-01-02 14:46:33,left,fire,57.1
2026-01-02 14:46:33,right,neutral,0.0
2026-01-02 14:46:38,front,neutral,57.5
2026-01-02 14:46:38,back,smoke,54.9
2026-01-02 14:46:38,left,neutral,56.3
2026-01-02 14:46:38,right,neutral,57.6
2026-01-02 14:46:43,front,neutral,57.6
2026-01-02 14:46:43,left,smoke,46.8
2026-01-02 14:46:43,right,neutral,57.6
2026-01-02 14:46:43,back,neutral,0.0
2026-01-02 14:46:48,front,neutral,57.4
2026-01-02 14:46:48,left,smoke,46.8
2026-01-02 14:46:48,back,neutral,0.0
2026-01-02 14:46:48,right,neutral,0.0
2026-01-02 14:46:53,front,neutral,57.6
2026-01-02 14:46:53,back,neutral,0.0
2026-01-02 14:46:53,left,neutral,0.0
2026-01-02 14:46:53,right,neutral,0.0
2026-01-02 14:46:58,front,neutral,57.6
2026-01-02 14:46:58,left,smoke,46.8
2026-01-02 14:46:58,back,neutral,0.0
2026-01-02 14:46:58,right,neutral,0.0
2026-01-02 14:47:03,front,neutral,56.9
2026-01-02 14:47:03,left,smoke,46.8
2026-01-02 14:47:03,back,neutral,0.0
2026-01-02 14:47:03,right,neutral,0.0
2026-01-02 14:47:08,front,neutral,57.6
2026-01-02 14:47:08,back,neutral,0.0
2026-01-02 14:47:08,left,neutral,0.0
2026-01-02 14:47:08,right,neutral,0.0
2026-01-02 14:47:13,front,neutral,57.6
2026-01-02 14:47:13,back,neutral,0.0
2026-01-02 14:47:13,left,neutral,0.0
2026-01-02 14:47:13,right,neutral,0.0
2026-01-02 14:47:18,front,neutral,51.3
2026-01-02 14:47:18,left,smoke,46.8
2026-01-02 14:47:18,back,neutral,0.0
2026-01-02 14:47:18,right,neutral,0.0
2026-01-02 14:47:23,front,neutral,57.6
2026-01-02 14:47:23,left,smoke,46.8
2026-01-02 14:47:23,back,neutral,0.0
2026-01-02 14:47:23,right,neutral,0.0
2026-01-02 14:47:28,front,smoke,42.8
2026-01-02 14:47:28,back,neutral,0.0
2026-01-02 14:47:28,left,neutral,0.0
2026-01-02 14:47:28,right,neutral,0.0
2026-01-02 14:47:34,front,smoke,42.8
2026-01-02 14:47:34,back,neutral,0.0
2026-01-02 14:47:34,left,neutral,0.0
2026-01-02 14:47:34,right,neutral,0.0
2026-01-02 14:47:39,front,neutral,56.2
2026-01-02 14:47:39,back,neutral,0.0
2026-01-02 14:47:39,left,neutral,0.0
2026-01-02 14:47:39,right,neutral,0.0
2026-01-02 14:47:44,front,neutral,57.6
2026-01-02 14:47:44,back,neutral,0.0
2026-01-02 14:47:44,left,neutral,0.0
2026-01-02 14:47:44,right,neutral,0.0
2026-01-02 14:47:49,front,neutral,55.7
2026-01-02 14:47:49,back,neutral,0.0
2026-01-02 14:47:49,left,neutral,0.0
2026-01-02 14:47:49,right,neutral,0.0
2026-01-02 14:47:54,front,neutral,57.5
2026-01-02 14:47:54,left,smoke,46.8
2026-01-02 14:47:54,back,neutral,0.0
2026-01-02 14:47:54,right,neutral,0.0
2026-01-02 14:47:59,front,neutral,57.6
2026-01-02 14:47:59,left,smoke,46.8
2026-01-02 14:47:59,back,neutral,0.0
2026-01-02 14:47:59,right,neutral,0.0
2026-01-02 14:48:04,front,neutral,57.6
2026-01-02 14:48:04,back,neutral,0.0
2026-01-02 14:48:04,left,neutral,0.0
2026-01-02 14:48:04,right,neutral,0.0
2026-01-02 14:48:09,front,neutral,57.6
2026-01-02 14:48:09,back,neutral,0.0
2026-01-02 14:48:09,left,neutral,0.0
2026-01-02 14:48:09,right,neutral,0.0
2026-01-02 14:48:14,front,neutral,57.6
2026-01-02 14:48:14,back,neutral,0.0
2026-01-02 14:48:14,left,neutral,0.0
2026-01-02 14:48:14,right,neutral,0.0
2026-01-02 14:48:19,front,neutral,57.6
2026-01-02 14:48:19,back,neutral,0.0
2026-01-02 14:48:19,left,neutral,0.0
2026-01-02 14:48:19,right,neutral,0.0
2026-01-02 14:48:24,front,neutral,57.6
2026-01-02 14:48:24,back,neutral,0.0
2026-01-02 14:48:24,left,neutral,0.0
2026-01-02 14:48:24,right,neutral,0.0
2026-01-02 14:48:29,front,neutral,57.6
2026-01-02 14:48:29,back,neutral,0.0
2026-01-02 14:48:29,left,neutral,0.0
2026-01-02 14:48:29,right,neutral,0.0
2026-01-02 14:48:34,front,neutral,57.6
2026-01-02 14:48:34,back,neutral,0.0
2026-01-02 14:48:34,left,neutral,0.0
2026-01-02 14:48:34,right,neutral,0.0
2026-01-02 14:48:39,front,neutral,57.6
2026-01-02 14:48:39,back,neutral,0.0
2026-01-02 14:48:39,left,neutral,0.0
2026-01-02 14:48:39,right,neutral,0.0
2026-01-02 14:48:44,front,neutral,57.6
2026-01-02 14:48:44,back,neutral,0.0
2026-01-02 14:48:44,left,neutral,0.0
2026-01-02 14:48:44,right,neutral,0.0
2026-01-02 14:48:49,front,neutral,57.6
2026-01-02 14:48:49,back,neutral,0.0
2026-01-02 14:48:49,left,neutral,0.0
2026-01-02 14:48:49,right,neutral,0.0
2026-01-02 14:48:54,front,neutral,57.6
2026-01-02 14:48:54,back,neutral,0.0
2026-01-02 14:48:54,left,neutral,0.0
2026-01-02 14:48:54,right,neutral,0.0
2026-01-02 14:48:59,front,neutral,57.6
2026-01-02 14:48:59,back,neutral,0.0
2026-01-02 14:48:59,left,neutral,0.0
2026-01-02 14:48:59,right,neutral,0.0
2026-01-02 14:49:04,front,neutral,57.6
2026-01-02 14:49:04,back,neutral,0.0
2026-01-02 14:49:04,left,neutral,0.0
2026-01-02 14:49:04,right,neutral,0.0
2026-01-02 14:49:09,front,neutral,57.6
2026-01-02 14:49:09,back,neutral,0.0
2026-01-02 14:49:09,left,neutral,0.0
2026-01-02 14:49:09,right,neutral,0.0
2026-01-02 14:49:14,front,neutral,57.6
2026-01-02 14:49:14,back,neutral,0.0
2026-01-02 14:49:14,left,neutral,0.0
2026-01-02 14:49:14,right,neutral,0.0
2026-01-02 14:49:19,front,neutral,57.6
2026-01-02 14:49:19,back,neutral,0.0
2026-01-02 14:49:19,left,neutral,0.0
2026-01-02 14:49:19,right,neutral,0.0
2026-01-02 14:49:24,front,neutral,57.6
2026-01-02 14:49:24,back,neutral,0.0
2026-01-02 14:49:24,left,neutral,0.0
2026-01-02 14:49:24,right,neutral,0.0
2026-01-02 14:49:29,front,neutral,57.6
2026-01-02 14:49:29,back,neutral,0.0
2026-01-02 14:49:29,left,neutral,0.0
2026-01-02 14:49:29,right,neutral,0.0
2026-01-02 14:49:34,front,neutral,57.6
2026-01-02 14:49:34,back,neutral,0.0
2026-01-02 14:49:34,left,neutral,0.0
2026-01-02 14:49:34,right,neutral,0.0
2026-01-02 14:49:39,front,neutral,57.6
2026-01-02 14:49:39,back,neutral,0.0
2026-01-02 14:49:39,left,neutral,0.0
2026-01-02 14:49:39,right,neutral,0.0
2026-01-02 14:49:44,front,neutral,57.6
2026-01-02 14:49:44,back,neutral,0.0
2026-01-02 14:49:44,left,neutral,0.0
2026-01-02 14:49:44,right,neutral,0.0
2026-01-02 14:49:49,front,neutral,57.6
2026-01-02 14:49:49,back,neutral,0.0
2026-01-02 14:49:49,left,neutral,0.0
2026-01-02 14:49:49,right,neutral,0.0
2026-01-02 14:49:54,front,neutral,57.6
2026-01-02 14:49:54,back,neutral,0.0
2026-01-02 14:49:54,left,neutral,0.0
2026-01-02 14:49:54,right,neutral,0.0
2026-01-02 14:49:59,front,neutral,57.6
2026-01-02 14:49:59,back,neutral,0.0
2026-01-02 14:49:59,left,neutral,0.0
2026-01-02 14:49:59,right,neutral,0.0
2026-01-02 14:50:04,front,neutral,57.6
2026-01-02 14:50:04,back,neutral,0.0
2026-01-02 14:50:04,left,neutral,0.0
2026-01-02 14:50:04,right,neutral,0.0
2026-01-02 14:50:14,front,neutral,57.6
2026-01-02 14:50:14,left,neutral,57.6
2026-01-02 14:50:14,back,neutral,0.0
2026-01-02 14:50:14,right,neutral,0.0
2026-01-02 14:50:19,front,neutral,57.6
2026-01-02 14:50:19,left,neutral,57.3
2026-01-02 14:50:19,back,neutral,0.0
2026-01-02 14:50:19,right,neutral,0.0
2026-01-02 14:50:24,left,neutral,57.6
2026-01-02 14:50:24,front,neutral,0.0
2026-01-02 14:50:24,back,neutral,0.0
2026-01-02 14:50:24,right,neutral,0.0
2026-01-02 14:50:29,left,neutral,57.6
2026-01-02 14:50:29,front,neutral,0.0
2026-01-02 14:50:29,back,neutral,0.0
2026-01-02 14:50:29,right,neutral,0.0
2026-01-02 14:50:34,left,neutral,57.6
2026-01-02 14:50:34,front,neutral,0.0
2026-01-02 14:50:34,back,neutral,0.0
2026-01-02 14:50:34,right,neutral,0.0
2026-01-02 14:50:39,left,smoke,51.7
2026-01-02 14:50:39,front,neutral,0.0
2026-01-02 14:50:39,back,neutral,0.0
2026-01-02 14:50:39,right,neutral,0.0
2026-01-02 14:50:44,left,smoke,57.1
2026-01-02 14:50:44,front,neutral,0.0
2026-01-02 14:50:44,back,neutral,0.0
2026-01-02 14:50:44,right,neutral,0.0
2026-01-02 14:50:49,left,neutral,55.6
2026-01-02 14:50:49,front,neutral,0.0
2026-01-02 14:50:49,back,neutral,0.0
2026-01-02 14:50:49,right,neutral,0.0
2026-01-02 14:50:54,front,neutral,57.6
2026-01-02 14:50:54,left,neutral,57.6
2026-01-02 14:50:54,back,neutral,0.0
2026-01-02 14:50:54,right,neutral,0.0
2026-01-02 18:06:37,front,neutral,57.6
2026-01-02 18:06:37,back,neutral,0.0
2026-01-02 18:06:37,left,neutral,0.0
2026-01-02 18:06:37,right,neutral,0.0
2026-01-02 18:06:42,front,neutral,57.6
2026-01-02 18:06:42,back,neutral,0.0
2026-01-02 18:06:42,left,neutral,0.0
2026-01-02 18:06:42,right,neutral,0.0
2026-01-02 19:15:21,front,smoke,57.5
2026-01-02 19:15:21,back,smoke,47.3
2026-01-02 19:15:21,left,neutral,57.6
2026-01-02 19:15:21,right,neutral,57.6
2026-01-02 19:15:26,front,smoke,57.3
2026-01-02 19:15:26,back,smoke,47.3
2026-01-02 19:15:26,left,neutral,57.6
2026-01-02 19:15:26,right,neutral,57.6
2026-01-02 19:15:31,front,neutral,56.4
2026-01-02 19:15:31,back,neutral,57.3
2026-01-02 19:15:31,left,neutral,57.6
2026-01-02 19:15:31,right,neutral,57.6
2026-01-02 19:15:36,front,neutral,57.0
2026-01-02 19:15:36,back,smoke,47.5
2026-01-02 19:15:36,left,neutral,57.6
2026-01-02 19:15:36,right,smoke,57.5
2026-01-02 19:15:41,front,neutral,57.1
2026-01-02 19:15:41,back,smoke,56.8
2026-01-02 19:15:41,left,neutral,57.4
2026-01-02 19:15:41,right,smoke,57.4
2026-01-02 19:15:46,front,neutral,57.1
2026-01-02 19:15:46,back,smoke,56.8
2026-01-02 19:15:46,left,neutral,57.4
2026-01-02 19:15:46,right,smoke,52.8
2026-01-02 19:15:51,right,smoke,52.8
2026-01-02 19:15:51,front,neutral,0.0
2026-01-02 19:15:51,back,neutral,0.0
2026-01-02 19:15:51,left,neutral,0.0
2026-01-02 19:23:32,front,neutral,57.6
2026-01-02 19:23:32,right,neutral,57.6
2026-01-02 19:23:32,back,neutral,0.0
2026-01-02 19:23:32,left,neutral,0.0
2026-01-02 19:23:37,front,neutral,56.2
2026-01-02 19:23:37,back,neutral,57.6
2026-01-02 19:23:37,left,smoke,57.6
2026-01-02 19:23:37,right,neutral,57.6
2026-01-02 19:23:42,front,neutral,57.2
2026-01-02 19:23:42,back,neutral,57.6
2026-01-02 19:23:42,left,smoke,57.6
2026-01-02 19:23:42,right,neutral,57.6
2026-01-02 19:23:47,front,neutral,50.3
2026-01-02 19:23:47,back,neutral,57.6
2026-01-02 19:23:47,left,smoke,57.6
2026-01-02 19:23:47,right,neutral,57.6
2026-01-02 19:23:52,front,neutral,50.3
2026-01-02 19:23:52,back,neutral,0.0
2026-01-02 19:23:52,left,neutral,0.0
2026-01-02 19:23:52,right,neutral,0.0
2026-01-02 19:29:49,front,neutral,47.1
2026-01-02 19:29:49,back,smoke,56.8
2026-01-02 19:29:49,left,smoke,57.5
2026-01-02 19:29:49,right,neutral,57.3
2026-01-02 19:29:54,front,smoke,51.8
2026-01-02 19:29:54,back,smoke,56.8
2026-01-02 19:29:54,left,smoke,57.5
2026-01-02 19:29:54,right,neutral,57.4
2026-01-02 19:29:59,front,smoke,56.7
2026-01-02 19:29:59,back,smoke,57.4
2026-01-02 19:29:59,left,smoke,57.5
2026-01-02 19:29:59,right,neutral,57.4
2026-01-02 19:30:04,front,smoke,56.7
2026-01-02 19:30:04,back,smoke,57.4
2026-01-02 19:30:04,left,smoke,57.5
2026-01-02 19:30:04,right,neutral,57.4
2026-01-02 22:04:59,front,neutral,57.4
2026-01-02 22:04:59,back,neutral,57.6
2026-01-02 22:04:59,left,neutral,44.4
2026-01-02 22:04:59,right,neutral,57.6
2026-01-02 22:05:05,front,neutral,57.6
2026-01-02 22:05:05,back,smoke,57.5
2026-01-02 22:05:05,left,neutral,57.6
2026-01-02 22:05:05,right,neutral,57.1
2026-01-02 22:05:10,front,neutral,57.6
2026-01-02 22:05:10,back,neutral,57.6
2026-01-02 22:05:10,left,neutral,57.6
2026-01-02 22:05:10,right,neutral,57.4
2026-01-02 22:05:15,front,neutral,57.6
2026-01-02 22:05:15,back,neutral,57.6
2026-01-02 22:05:15,left,neutral,57.6
2026-01-02 22:05:15,right,neutral,57.6
2026-01-02 22:05:20,front,neutral,54.3
2026-01-02 22:05:20,back,smoke,51.1
2026-01-02 22:05:20,left,smoke,54.2
2026-01-02 22:05:20,right,neutral,57.6
2026-01-02 22:05:25,front,smoke,57.6
2026-01-02 22:05:25,back,smoke,51.1
2026-01-02 22:05:25,left,smoke,54.2
2026-01-02 22:05:25,right,neutral,57.6
2026-01-02 22:05:30,front,smoke,57.6
2026-01-02 22:05:30,left,smoke,46.2
2026-01-02 22:05:30,back,neutral,0.0
2026-01-02 22:05:30,right,neutral,0.0
2026-01-02 22:05:35,left,smoke,46.2
2026-01-02 22:05:35,front,neutral,0.0
2026-01-02 22:05:35,back,neutral,0.0
2026-01-02 22:05:35,right,neutral,0.0
2026-01-02 22:54:07,front,neutral,57.6
2026-01-02 22:54:07,right,smoke,55.3
2026-01-02 22:54:07,back,neutral,0.0
2026-01-02 22:54:07,left,neutral,0.0
2026-01-02 22:54:12,front,neutral,57.6
2026-01-02 22:54:12,back,neutral,57.6
2026-01-02 22:54:12,right,smoke,54.6
2026-01-02 22:54:12,left,neutral,0.0
2026-01-02 22:54:17,front,neutral,57.6
2026-01-02 22:54:17,back,neutral,57.6
2026-01-02 22:54:17,left,neutral,57.6
2026-01-02 22:54:17,right,smoke,56.9
2026-01-02 22:54:22,front,neutral,57.6
2026-01-02 22:54:22,back,neutral,57.6
2026-01-02 22:54:22,left,neutral,57.6
2026-01-02 22:54:22,right,smoke,56.9
